Row Number,Testing Group,Material,C [%],Si [%],Mn [%],P [%],S [%],Cr [%],Ni [%],Die-casting,Hardening and Quenching,Samples,Series Tempering,Additional Tempering,Diameter,Mean HV10,Min HV10,Max HV10,Avg Bending Force (N),Min Bending Force (N),Max Bending Force (N),Ductility %,Brittleness %
1,Testing Group A (Version-6),4Cr13,0.39,0.198,0.548,0.029,0.014,13.303,0.449,No,1045+-5°C,5,No,No,8mm,692,679,704,3234,3514,3736,19.83,80.17
2,Testing Group B (Friulpress) (Version-6),4Cr13,0.41,0.146,0.447,0.01,0.019,12.601,0.223,Yes,1045+-5°C,5,No,No,8mm,677,660,689,3245,2663,3610,20.27,79.73
3,Testing Group C (Version-6),4Cr13,0.385,0.137,0.534,0.018,0.012,13.137,0.158,No,1045+-5°C,5,No,180°C / 1h,8mm,648,643,657,4202,3650,4453,26.54,73.46
4,Testing Group D (Version-6),4Cr13,0.415,0.392,0.551,0.02,0.01,13.169,0.208,No,1045+-5°C,5,No,200°C / 1h,8mm,648,635,657,4332,3841,4776,27.29,72.71
5,Testing Group E (Version-6),4Cr13,0.395,0.345,0.327,0.03,0.022,13.48,0.415,No,1045+-5°C,5,No,220°C / 1h,8mm,630,626,634,4768,4664,4918,30.56,69.44
6,Testing Group F (Version-6),4Cr13,0.398,0.135,0.499,0.032,0.008,13.389,0.141,No,1045+-5°C,5,No,240°C / 1h,8mm,620,607,632,5143,4686,5306,33.25,66.75
7,Testing Group H (Version-11),4Cr13,0.392,0.458,0.334,0.023,0.012,12.842,0.476,No,1045+-5°C,5,200°C / 3h,No,Changed 7.8mm,638,635,640,4379,4011,4803,27.95,72.05
8,Testing Group I (Version-11),4Cr13,0.401,0.361,0.607,0.021,0.018,13.026,0.141,No,1045+-5°C,5,200°C / 3h,220°C / 1h,Changed 7.8mm,632,627,639,4688,4489,5053,30.0,70.0
9,Test Group B (Freund) (Version-3),X46CrS13,0.424,0.681,1.014,0.011,0.236,13.218,0.0,Yes,1045+-5°C,5,Yes,No,8mm,612,609,621,5899,5592,6289,38.23,61.77
10,Testing (Version-14),4Cr13,0.388,0.242,0.573,0.027,0.022,12.865,0.212,No,1045+-5°C,3,Vaccum hardening 230°C,No,8mm,620,619,622,6744,6243,6995,42.82,57.18
11,Testing (Version-14),4Cr13,0.417,0.235,0.271,0.028,0.018,13.066,0.252,No,1045+-5°C,3,Vaccum hardening 230°C,230°C/1h,8mm,608,605,611,6618,6097,6995,42.85,57.15
12,Testing Group D (Version-6) - Sample 1,4Cr13,0.413,0.158,0.562,0.011,0.008,12.651,0.138,No,1045+-5°C,5,No,200°C / 1h,8mm,678,665,693,4509,4161,4814,27.16,72.84
13,Testing Group I (Version-11) - Sample 2,4Cr13,0.414,0.308,0.329,0.017,0.011,12.918,0.249,No,1045+-5°C,5,200°C / 3h,220°C / 1h,Changed 7.8mm,621,602,637,4367,3863,4820,28.57,71.43
14,Testing Group F (Version-6) - Sample 3,4Cr13,0.432,0.435,0.342,0.018,0.013,13.163,0.217,No,1045+-5°C,5,No,240°C / 1h,8mm,610,591,625,4812,4391,5135,31.75,68.25
15,Testing Group A (Version-6) - Sample 4,4Cr13,0.416,0.437,0.208,0.03,0.008,13.117,0.267,No,1045+-5°C,5,No,No,8mm,671,655,683,3073,2740,3450,19.48,80.52
16,Testing Group E (Version-6) - Sample 5,4Cr13,0.423,0.438,0.253,0.025,0.007,12.601,0.13,No,1045+-5°C,5,No,220°C / 1h,8mm,627,613,642,4932,4412,5227,31.66,68.34
17,Testing Group I (Version-11) - Sample 6,4Cr13,0.383,0.162,0.164,0.03,0.015,12.547,0.254,No,1045+-5°C,5,200°C / 3h,220°C / 1h,Changed 7.8mm,655,644,666,4395,3963,4718,27.38,72.62
18,Testing Group H (Version-11) - Sample 7,4Cr13,0.427,0.477,0.62,0.031,0.019,13.486,0.348,No,1045+-5°C,5,200°C / 3h,No,Changed 7.8mm,617,602,629,4308,3912,4806,28.39,71.61
19,Testing Group B (Friulpress) (Version-6) - Sample 8,4Cr13,0.392,0.424,0.496,0.029,0.017,13.129,0.433,Yes,1045+-5°C,5,No,No,8mm,645,633,657,3221,2881,3514,21.02,78.98
20,Testing Group B (Friulpress) (Version-6) - Sample 9,4Cr13,0.417,0.243,0.181,0.015,0.009,13.096,0.246,Yes,1045+-5°C,5,No,No,8mm,658,644,673,3362,3073,3743,21.45,78.55
21,Testing (Version-14) - Sample 10,4Cr13,0.399,0.169,0.495,0.011,0.016,12.965,0.225,No,1045+-5°C,3,Vaccum hardening 230°C,No,8mm,606,595,623,6698,6406,7202,43.47,56.53
22,Testing (Version-14) - Sample 11,4Cr13,0.379,0.283,0.425,0.011,0.009,13.37,0.425,No,1045+-5°C,3,Vaccum hardening 230°C,230°C/1h,8mm,590,579,601,6345,6059,6681,42.37,57.63
23,Testing Group E (Version-6) - Sample 12,4Cr13,0.401,0.161,0.418,0.03,0.016,12.408,0.334,No,1045+-5°C,5,No,220°C / 1h,8mm,633,614,644,5033,4686,5344,31.98,68.02
24,Testing Group D (Version-6) - Sample 13,4Cr13,0.422,0.276,0.573,0.025,0.023,12.757,0.152,No,1045+-5°C,5,No,200°C / 1h,8mm,620,605,636,4427,4144,4932,28.97,71.03
25,Testing (Version-14) - Sample 14,4Cr13,0.381,0.24,0.438,0.008,0.01,13.154,0.232,No,1045+-5°C,3,Vaccum hardening 230°C,230°C/1h,8mm,633,618,646,6825,6464,7173,42.47,57.53
26,Testing Group B (Friulpress) (Version-6) - Sample 15,4Cr13,0.425,0.206,0.185,0.019,0.011,12.719,0.225,Yes,1045+-5°C,5,No,No,8mm,687,670,699,3382,3026,3873,20.76,79.24
27,Testing Group F (Version-6) - Sample 16,4Cr13,0.413,0.165,0.593,0.028,0.023,13.397,0.388,No,1045+-5°C,5,No,240°C / 1h,8mm,644,626,656,4883,4584,5343,30.61,69.39
28,Testing Group H (Version-11) - Sample 17,4Cr13,0.413,0.371,0.5,0.024,0.017,13.192,0.292,No,1045+-5°C,5,200°C / 3h,No,Changed 7.8mm,621,610,635,4375,3884,4810,28.62,71.38
29,Test Group B (Freund) (Version-3) - Sample 18,X46CrS13,0.437,0.779,0.575,0.024,0.214,12.869,0.0,Yes,1045+-5°C,5,Yes,No,8mm,597,581,613,5640,5313,6004,37.52,62.48
30,Testing (Version-14) - Sample 19,4Cr13,0.416,0.478,0.547,0.021,0.018,13.332,0.317,No,1045+-5°C,3,Vaccum hardening 230°C,230°C/1h,8mm,612,594,626,7055,6725,7567,45.23,54.77
31,Testing Group D (Version-6) - Sample 20,4Cr13,0.431,0.133,0.51,0.02,0.012,13.311,0.471,No,1045+-5°C,5,No,200°C / 1h,8mm,617,605,628,4268,3885,4608,28.15,71.85
32,Testing Group E (Version-6) - Sample 21,4Cr13,0.422,0.304,0.599,0.009,0.014,13.24,0.305,No,1045+-5°C,5,No,220°C / 1h,8mm,618,604,631,4664,4314,5167,30.48,69.52
33,Testing Group C (Version-6) - Sample 22,4Cr13,0.384,0.236,0.263,0.025,0.007,12.725,0.214,No,1045+-5°C,5,No,180°C / 1h,8mm,647,630,664,4006,3648,4325,25.46,74.54
34,Testing Group A (Version-6) - Sample 23,4Cr13,0.381,0.156,0.238,0.016,0.006,13.034,0.309,No,1045+-5°C,5,No,No,8mm,668,650,681,3058,2633,3551,19.48,80.52
35,Testing (Version-14) - Sample 24,4Cr13,0.427,0.207,0.566,0.023,0.022,12.744,0.221,No,1045+-5°C,3,Vaccum hardening 230°C,No,8mm,594,578,612,7104,6649,7599,46.83,53.17
36,Testing Group C (Version-6) - Sample 25,4Cr13,0.389,0.124,0.406,0.026,0.023,13.192,0.467,No,1045+-5°C,5,No,180°C / 1h,8mm,656,640,671,4220,3865,4686,26.35,73.65
37,Testing Group C (Version-6) - Sample 26,4Cr13,0.429,0.22,0.513,0.025,0.009,12.627,0.167,No,1045+-5°C,5,No,180°C / 1h,8mm,666,647,683,4067,3552,4401,25.14,74.86
38,Testing Group D (Version-6) - Sample 27,4Cr13,0.385,0.356,0.276,0.028,0.021,12.445,0.39,No,1045+-5°C,5,No,200°C / 1h,8mm,659,641,676,4232,3883,4747,26.31,73.69
39,Testing Group A (Version-6) - Sample 28,4Cr13,0.386,0.252,0.311,0.014,0.024,13.037,0.439,No,1045+-5°C,5,No,No,8mm,679,660,694,3347,2985,3846,20.78,79.22
40,Testing (Version-14) - Sample 29,4Cr13,0.415,0.312,0.526,0.013,0.015,13.222,0.445,No,1045+-5°C,3,Vaccum hardening 230°C,No,8mm,602,587,619,6603,6320,6887,43.16,56.84
41,Testing (Version-14) - Sample 30,4Cr13,0.385,0.191,0.535,0.023,0.015,13.21,0.393,No,1045+-5°C,3,Vaccum hardening 230°C,No,8mm,616,597,632,6334,6005,6715,40.62,59.38
42,Testing Group D (Version-6) - Sample 31,4Cr13,0.426,0.24,0.531,0.009,0.009,12.912,0.342,No,1045+-5°C,5,No,200°C / 1h,8mm,659,644,673,4082,3592,4574,25.47,74.53
43,Testing Group D (Version-6) - Sample 32,4Cr13,0.418,0.299,0.597,0.019,0.023,13.242,0.295,No,1045+-5°C,5,No,200°C / 1h,8mm,651,635,667,4639,4160,4955,28.92,71.08
44,Testing Group C (Version-6) - Sample 33,4Cr13,0.391,0.37,0.241,0.022,0.006,12.817,0.267,No,1045+-5°C,5,No,180°C / 1h,8mm,652,635,669,4504,4170,4886,28.11,71.89
45,Testing Group A (Version-6) - Sample 34,4Cr13,0.411,0.46,0.481,0.015,0.013,12.822,0.304,No,1045+-5°C,5,No,No,8mm,715,701,731,3148,2693,3441,18.83,81.17
46,Testing Group A (Version-6) - Sample 35,4Cr13,0.429,0.422,0.356,0.025,0.016,13.588,0.181,No,1045+-5°C,5,No,No,8mm,666,654,677,3382,2904,3689,21.33,78.67
47,Testing Group D (Version-6) - Sample 36,4Cr13,0.414,0.279,0.405,0.02,0.022,13.419,0.175,No,1045+-5°C,5,No,200°C / 1h,8mm,663,652,677,4334,3992,4792,26.74,73.26
48,Testing Group B (Friulpress) (Version-6) - Sample 37,4Cr13,0.384,0.226,0.583,0.016,0.022,13.099,0.431,Yes,1045+-5°C,5,No,No,8mm,685,672,696,3224,2933,3723,19.95,80.05
49,Testing (Version-14) - Sample 38,4Cr13,0.404,0.331,0.228,0.025,0.008,12.888,0.141,No,1045+-5°C,3,Vaccum hardening 230°C,230°C/1h,8mm,602,585,614,6294,5830,6673,41.26,58.74
50,Testing Group C (Version-6) - Sample 39,4Cr13,0.426,0.295,0.333,0.026,0.012,13.201,0.212,No,1045+-5°C,5,No,180°C / 1h,8mm,635,616,650,4397,4026,4845,28.17,71.83
51,Testing Group C (Version-6) - Sample 40,4Cr13,0.405,0.167,0.422,0.017,0.017,13.425,0.307,No,1045+-5°C,5,No,180°C / 1h,8mm,661,643,679,3980,3560,4441,24.83,75.17
52,Testing Group F (Version-6) - Sample 41,4Cr13,0.383,0.234,0.226,0.016,0.008,13.122,0.462,No,1045+-5°C,5,No,240°C / 1h,8mm,590,571,607,5291,4930,5620,35.75,64.25
53,Testing Group C (Version-6) - Sample 42,4Cr13,0.429,0.428,0.448,0.022,0.022,13.319,0.155,No,1045+-5°C,5,No,180°C / 1h,8mm,666,654,677,4063,3652,4569,25.12,74.88
54,Testing Group H (Version-11) - Sample 43,4Cr13,0.423,0.454,0.316,0.027,0.014,13.435,0.44,No,1045+-5°C,5,200°C / 3h,No,Changed 7.8mm,649,637,668,4055,3567,4399,25.67,74.33
55,Testing Group A (Version-6) - Sample 44,4Cr13,0.405,0.298,0.589,0.013,0.008,13.33,0.413,No,1045+-5°C,5,No,No,8mm,660,643,677,3290,2771,3751,20.98,79.02
56,Testing (Version-14) - Sample 45,4Cr13,0.381,0.278,0.582,0.011,0.017,12.421,0.363,No,1045+-5°C,3,Vaccum hardening 230°C,No,8mm,648,635,665,6793,6354,7267,41.36,58.64
57,Testing Group A (Version-6) - Sample 46,4Cr13,0.424,0.45,0.365,0.022,0.01,12.815,0.179,No,1045+-5°C,5,No,No,8mm,694,680,705,3148,2863,3566,19.32,80.68
58,Testing Group F (Version-6) - Sample 47,4Cr13,0.399,0.296,0.571,0.018,0.021,12.421,0.232,No,1045+-5°C,5,No,240°C / 1h,8mm,642,628,655,4957,4662,5468,31.13,68.87
59,Testing Group B (Friulpress) (Version-6) - Sample 48,4Cr13,0.4,0.254,0.438,0.009,0.021,12.912,0.225,Yes,1045+-5°C,5,No,No,8mm,682,668,696,3500,3215,3867,21.53,78.47
60,Testing Group A (Version-6) - Sample 49,4Cr13,0.417,0.183,0.5,0.026,0.015,12.735,0.221,No,1045+-5°C,5,No,No,8mm,710,692,726,3326,2839,3626,19.87,80.13
61,Testing (Version-14) - Sample 50,4Cr13,0.397,0.43,0.581,0.016,0.014,12.671,0.4,No,1045+-5°C,3,Vaccum hardening 230°C,230°C/1h,8mm,624,610,639,6600,6100,7107,41.71,58.29
62,Testing Group C (Version-6) - Sample 51,4Cr13,0.415,0.296,0.198,0.018,0.018,13.413,0.302,No,1045+-5°C,5,No,180°C / 1h,8mm,655,642,668,3960,3594,4475,24.92,75.08
63,Test Group B (Freund) (Version-3) - Sample 52,X46CrS13,0.458,0.698,0.626,0.016,0.224,12.447,0.0,Yes,1045+-5°C,5,Yes,No,8mm,625,607,643,5863,5372,6335,37.28,62.72
64,Testing (Version-14) - Sample 53,4Cr13,0.411,0.308,0.606,0.013,0.008,13.166,0.172,No,1045+-5°C,3,Vaccum hardening 230°C,No,8mm,609,591,628,6350,6055,6692,41.15,58.85
65,Testing Group B (Friulpress) (Version-6) - Sample 54,4Cr13,0.418,0.377,0.346,0.018,0.014,13.476,0.275,Yes,1045+-5°C,5,No,No,8mm,696,684,710,3011,2563,3435,18.54,81.46
66,Testing Group D (Version-6) - Sample 55,4Cr13,0.428,0.327,0.236,0.011,0.013,13.086,0.389,No,1045+-5°C,5,No,200°C / 1h,8mm,644,628,660,4167,3722,4459,26.49,73.51
67,Test Group B (Freund) (Version-3) - Sample 56,X46CrS13,0.43,0.426,0.541,0.009,0.2,12.647,0.0,Yes,1045+-5°C,5,Yes,No,8mm,642,630,654,5734,5429,6222,35.61,64.39
68,Testing Group C (Version-6) - Sample 57,4Cr13,0.399,0.133,0.247,0.032,0.014,13.178,0.398,No,1045+-5°C,5,No,180°C / 1h,8mm,627,608,639,4480,4093,4833,28.99,71.01
69,Testing (Version-14) - Sample 58,4Cr13,0.429,0.45,0.175,0.008,0.013,12.747,0.284,No,1045+-5°C,3,Vaccum hardening 230°C,No,8mm,632,618,649,6216,5926,6646,38.96,61.04
70,Testing Group I (Version-11) - Sample 59,4Cr13,0.409,0.219,0.429,0.013,0.008,13.318,0.285,No,1045+-5°C,5,200°C / 3h,220°C / 1h,Changed 7.8mm,633,619,648,4498,4215,4949,28.84,71.16
71,Testing Group F (Version-6) - Sample 60,4Cr13,0.401,0.18,0.63,0.027,0.01,12.834,0.121,No,1045+-5°C,5,No,240°C / 1h,8mm,630,613,646,5461,5098,5952,34.64,65.36
72,Testing Group H (Version-11) - Sample 61,4Cr13,0.408,0.151,0.443,0.021,0.024,13.026,0.388,No,1045+-5°C,5,200°C / 3h,No,Changed 7.8mm,655,642,672,4705,4208,5036,29.13,70.87
73,Testing (Version-14) - Sample 62,4Cr13,0.425,0.313,0.537,0.02,0.021,13.451,0.427,No,1045+-5°C,3,Vaccum hardening 230°C,No,8mm,611,596,625,7005,6711,7294,45.0,55.0
74,Testing Group H (Version-11) - Sample 63,4Cr13,0.401,0.349,0.547,0.028,0.006,13.35,0.376,No,1045+-5°C,5,200°C / 3h,No,Changed 7.8mm,655,638,669,4676,4293,5103,28.97,71.03
75,Testing Group I (Version-11) - Sample 64,4Cr13,0.412,0.243,0.325,0.022,0.016,12.872,0.26,No,1045+-5°C,5,200°C / 3h,220°C / 1h,Changed 7.8mm,602,589,614,4966,4458,5370,33.08,66.92
76,Testing Group F (Version-6) - Sample 65,4Cr13,0.413,0.359,0.62,0.019,0.021,13.503,0.347,No,1045+-5°C,5,No,240°C / 1h,8mm,611,593,627,5085,4608,5488,33.35,66.65
77,Testing Group B (Friulpress) (Version-6) - Sample 66,4Cr13,0.417,0.185,0.578,0.021,0.006,13.371,0.154,Yes,1045+-5°C,5,No,No,8mm,689,673,700,3444,3010,3742,21.04,78.96
78,Testing Group C (Version-6) - Sample 67,4Cr13,0.408,0.256,0.627,0.023,0.014,12.599,0.287,No,1045+-5°C,5,No,180°C / 1h,8mm,634,620,652,4473,4110,4810,28.66,71.34
79,Testing Group E (Version-6) - Sample 68,4Cr13,0.409,0.417,0.337,0.019,0.013,13.334,0.389,No,1045+-5°C,5,No,220°C / 1h,8mm,629,618,647,5026,4593,5325,32.12,67.88
80,Testing (Version-14) - Sample 69,4Cr13,0.429,0.216,0.605,0.031,0.007,12.748,0.259,No,1045+-5°C,3,Vaccum hardening 230°C,230°C/1h,8mm,582,566,593,7135,6696,7568,47.94,52.06
81,Testing (Version-14) - Sample 70,4Cr13,0.427,0.239,0.324,0.029,0.024,13.23,0.39,No,1045+-5°C,3,Vaccum hardening 230°C,No,8mm,618,599,633,6215,5766,6500,39.78,60.22
82,Testing Group E (Version-6) - Sample 71,4Cr13,0.428,0.166,0.197,0.024,0.01,12.68,0.121,No,1045+-5°C,5,No,220°C / 1h,8mm,651,639,665,4606,4197,5061,28.73,71.27
83,Testing Group H (Version-11) - Sample 72,4Cr13,0.384,0.236,0.175,0.013,0.02,13.535,0.289,No,1045+-5°C,5,200°C / 3h,No,Changed 7.8mm,617,603,634,4322,3850,4658,28.47,71.53
84,Testing Group I (Version-11) - Sample 73,4Cr13,0.43,0.159,0.313,0.018,0.01,13.113,0.402,No,1045+-5°C,5,200°C / 3h,220°C / 1h,Changed 7.8mm,651,633,664,4563,4241,4963,28.49,71.51
85,Testing (Version-14) - Sample 74,4Cr13,0.379,0.239,0.58,0.013,0.016,13.398,0.459,No,1045+-5°C,3,Vaccum hardening 230°C,230°C/1h,8mm,589,575,606,6505,6152,6934,43.44,56.56
86,Testing Group I (Version-11) - Sample 75,4Cr13,0.384,0.435,0.269,0.01,0.019,13.576,0.142,No,1045+-5°C,5,200°C / 3h,220°C / 1h,Changed 7.8mm,607,594,624,4857,4380,5336,32.16,67.84
87,Testing Group A (Version-6) - Sample 76,4Cr13,0.413,0.172,0.563,0.009,0.021,12.538,0.389,No,1045+-5°C,5,No,No,8mm,664,645,681,2995,2619,3378,19.23,80.77
88,Test Group B (Freund) (Version-3) - Sample 77,X46CrS13,0.418,0.322,1.317,0.03,0.221,13.24,0.0,Yes,1045+-5°C,5,Yes,No,8mm,605,592,616,5869,5411,6174,38.46,61.54
89,Testing Group C (Version-6) - Sample 78,4Cr13,0.413,0.126,0.4,0.032,0.012,13.046,0.302,No,1045+-5°C,5,No,180°C / 1h,8mm,672,660,684,4359,3980,4747,26.55,73.45
90,Testing Group A (Version-6) - Sample 79,4Cr13,0.412,0.398,0.521,0.028,0.007,13.057,0.202,No,1045+-5°C,5,No,No,8mm,675,659,692,3351,3068,3760,20.91,79.09
91,Testing Group A (Version-6) - Sample 80,4Cr13,0.398,0.283,0.327,0.024,0.016,12.598,0.139,No,1045+-5°C,5,No,No,8mm,703,690,717,2981,2675,3438,18.23,81.77
92,Testing Group F (Version-6) - Sample 81,4Cr13,0.424,0.16,0.311,0.01,0.022,13.352,0.443,No,1045+-5°C,5,No,240°C / 1h,8mm,624,606,642,5451,4938,5902,34.88,65.12
93,Testing (Version-14) - Sample 82,4Cr13,0.387,0.208,0.575,0.026,0.006,13.51,0.21,No,1045+-5°C,3,Vaccum hardening 230°C,No,8mm,627,614,640,7223,6915,7600,45.2,54.8
94,Testing Group C (Version-6) - Sample 83,4Cr13,0.4,0.332,0.355,0.011,0.02,13.129,0.284,No,1045+-5°C,5,No,180°C / 1h,8mm,644,627,660,4465,4158,4770,28.21,71.79
95,Testing Group I (Version-11) - Sample 84,4Cr13,0.392,0.187,0.357,0.031,0.01,13.194,0.376,No,1045+-5°C,5,200°C / 3h,220°C / 1h,Changed 7.8mm,649,633,668,4402,3963,4832,27.65,72.35
96,Testing Group D (Version-6) - Sample 85,4Cr13,0.398,0.337,0.464,0.013,0.022,13.14,0.389,No,1045+-5°C,5,No,200°C / 1h,8mm,631,612,647,4396,3963,4835,28.33,71.67
97,Testing Group D (Version-6) - Sample 86,4Cr13,0.406,0.44,0.185,0.025,0.023,12.608,0.419,No,1045+-5°C,5,No,200°C / 1h,8mm,639,627,658,4526,4092,5034,28.76,71.24
98,Testing Group F (Version-6) - Sample 87,4Cr13,0.412,0.396,0.545,0.025,0.016,12.414,0.169,No,1045+-5°C,5,No,240°C / 1h,8mm,626,613,642,5360,4879,5714,34.24,65.76
99,Test Group B (Freund) (Version-3) - Sample 88,X46CrS13,0.416,0.678,1.211,0.029,0.197,12.575,0.0,Yes,1045+-5°C,5,Yes,No,8mm,625,612,644,5904,5410,6405,37.52,62.48
100,Testing (Version-14) - Sample 89,4Cr13,0.402,0.291,0.492,0.013,0.016,13.278,0.339,No,1045+-5°C,3,Vaccum hardening 230°C,230°C/1h,8mm,615,597,633,7139,6827,7500,45.53,54.47
101,Testing Group C (Version-6) - Sample 90,4Cr13,0.413,0.225,0.484,0.019,0.021,12.839,0.211,No,1045+-5°C,5,No,180°C / 1h,8mm,656,640,675,4026,3708,4432,25.26,74.74
102,Testing Group H (Version-11) - Sample 91,4Cr13,0.39,0.392,0.371,0.028,0.022,13.575,0.28,No,1045+-5°C,5,200°C / 3h,No,Changed 7.8mm,617,598,632,4220,3704,4736,27.86,72.14
103,Testing Group C (Version-6) - Sample 92,4Cr13,0.387,0.409,0.508,0.029,0.016,13.146,0.371,No,1045+-5°C,5,No,180°C / 1h,8mm,636,625,655,4217,3735,4575,27.08,72.92
104,Testing (Version-14) - Sample 93,4Cr13,0.432,0.473,0.287,0.009,0.006,13.385,0.385,No,1045+-5°C,3,Vaccum hardening 230°C,No,8mm,618,602,632,6671,6328,7102,42.51,57.49
105,Testing Group F (Version-6) - Sample 94,4Cr13,0.413,0.384,0.445,0.011,0.013,13.461,0.407,No,1045+-5°C,5,No,240°C / 1h,8mm,598,579,615,4737,4380,5166,31.87,68.13
106,Test Group B (Freund) (Version-3) - Sample 95,X46CrS13,0.449,0.23,0.871,0.022,0.228,13.362,0.0,Yes,1045+-5°C,5,Yes,No,8mm,606,594,625,6332,5935,6815,41.23,58.77
107,Testing Group C (Version-6) - Sample 96,4Cr13,0.423,0.379,0.581,0.026,0.019,13.493,0.469,No,1045+-5°C,5,No,180°C / 1h,8mm,648,631,659,4257,3852,4770,26.86,73.14
108,Testing (Version-14) - Sample 97,4Cr13,0.396,0.264,0.255,0.01,0.009,13.242,0.474,No,1045+-5°C,3,Vaccum hardening 230°C,No,8mm,592,579,604,6791,6383,7072,45.02,54.98
109,Testing Group I (Version-11) - Sample 98,4Cr13,0.429,0.388,0.567,0.02,0.011,12.534,0.182,No,1045+-5°C,5,200°C / 3h,220°C / 1h,Changed 7.8mm,624,608,635,4639,4183,4962,30.06,69.94
110,Testing (Version-14) - Sample 99,4Cr13,0.423,0.184,0.241,0.028,0.014,12.97,0.166,No,1045+-5°C,3,Vaccum hardening 230°C,230°C/1h,8mm,618,602,631,7103,6632,7527,45.11,54.89
111,Test Group B (Freund) (Version-3) - Sample 100,X46CrS13,0.452,0.721,0.689,0.015,0.212,12.701,0.0,Yes,1045+-5°C,5,Yes,No,8mm,593,577,605,6248,5744,6751,41.56,58.44
112,Testing Group D (Version-6) - Sample 101,4Cr13,0.389,0.268,0.502,0.022,0.022,12.4,0.375,No,1045+-5°C,5,No,200°C / 1h,8mm,635,616,650,4459,4138,4799,28.53,71.47
113,Testing Group H (Version-11) - Sample 102,4Cr13,0.39,0.471,0.587,0.015,0.01,13.532,0.277,No,1045+-5°C,5,200°C / 3h,No,Changed 7.8mm,632,621,647,4056,3757,4396,26.29,73.71
114,Testing Group I (Version-11) - Sample 103,4Cr13,0.384,0.187,0.438,0.013,0.012,12.466,0.266,No,1045+-5°C,5,200°C / 3h,220°C / 1h,Changed 7.8mm,641,624,659,4971,4520,5437,31.25,68.75
115,Testing Group F (Version-6) - Sample 104,4Cr13,0.404,0.215,0.523,0.024,0.006,13.496,0.123,No,1045+-5°C,5,No,240°C / 1h,8mm,609,592,626,5480,5198,5877,35.86,64.14
116,Test Group B (Freund) (Version-3) - Sample 105,X46CrS13,0.443,0.201,0.967,0.019,0.228,13.5,0.0,Yes,1045+-5°C,5,Yes,No,8mm,605,593,622,5467,5150,5780,36.0,64.0
117,Testing Group F (Version-6) - Sample 106,4Cr13,0.386,0.461,0.481,0.01,0.02,13.097,0.137,No,1045+-5°C,5,No,240°C / 1h,8mm,597,585,614,4735,4374,5208,31.9,68.1
118,Testing Group C (Version-6) - Sample 107,4Cr13,0.406,0.432,0.435,0.029,0.012,12.679,0.431,No,1045+-5°C,5,No,180°C / 1h,8mm,656,638,673,4431,4140,4903,27.54,72.46
119,Testing Group B (Friulpress) (Version-6) - Sample 108,4Cr13,0.386,0.269,0.525,0.024,0.015,12.555,0.307,Yes,1045+-5°C,5,No,No,8mm,695,680,706,3396,3027,3732,20.62,79.38
120,Testing Group D (Version-6) - Sample 109,4Cr13,0.404,0.385,0.284,0.021,0.008,12.488,0.283,No,1045+-5°C,5,No,200°C / 1h,8mm,635,621,646,4301,3856,4791,27.61,72.39
121,Testing Group B (Friulpress) (Version-6) - Sample 110,4Cr13,0.403,0.474,0.273,0.01,0.015,13.064,0.39,Yes,1045+-5°C,5,No,No,8mm,697,680,710,3181,2841,3687,19.42,80.58
122,Testing Group I (Version-11) - Sample 111,4Cr13,0.413,0.351,0.373,0.026,0.019,13.135,0.185,No,1045+-5°C,5,200°C / 3h,220°C / 1h,Changed 7.8mm,628,610,643,4830,4464,5300,31.01,68.99
123,Testing (Version-14) - Sample 112,4Cr13,0.406,0.254,0.454,0.019,0.015,13.554,0.256,No,1045+-5°C,3,Vaccum hardening 230°C,No,8mm,651,640,662,7001,6508,7296,42.37,57.63
124,Testing (Version-14) - Sample 113,4Cr13,0.414,0.368,0.237,0.024,0.017,12.513,0.371,No,1045+-5°C,3,Vaccum hardening 230°C,No,8mm,611,600,627,6364,5935,6674,41.11,58.89
125,Testing (Version-14) - Sample 114,4Cr13,0.43,0.315,0.636,0.027,0.024,13.033,0.2,No,1045+-5°C,3,Vaccum hardening 230°C,230°C/1h,8mm,588,574,604,7044,6632,7328,46.91,53.09
126,Testing Group C (Version-6) - Sample 115,4Cr13,0.418,0.435,0.209,0.019,0.009,13.45,0.296,No,1045+-5°C,5,No,180°C / 1h,8mm,660,645,674,3909,3456,4337,24.46,75.54
127,Testing Group A (Version-6) - Sample 116,4Cr13,0.382,0.168,0.476,0.015,0.017,13.292,0.453,No,1045+-5°C,5,No,No,8mm,682,671,699,3373,2881,3702,20.84,79.16
128,Testing Group E (Version-6) - Sample 117,4Cr13,0.39,0.258,0.527,0.01,0.008,13.42,0.135,No,1045+-5°C,5,No,220°C / 1h,8mm,653,634,671,4392,3925,4891,27.44,72.56
129,Testing Group H (Version-11) - Sample 118,4Cr13,0.417,0.154,0.583,0.024,0.018,12.97,0.297,No,1045+-5°C,5,200°C / 3h,No,Changed 7.8mm,658,640,675,4391,3894,4884,27.24,72.76
130,Testing Group F (Version-6) - Sample 119,4Cr13,0.401,0.213,0.228,0.02,0.006,13.013,0.4,No,1045+-5°C,5,No,240°C / 1h,8mm,597,586,614,5414,4942,5824,36.12,63.88
131,Testing Group D (Version-6) - Sample 120,4Cr13,0.383,0.27,0.412,0.016,0.009,13.528,0.121,No,1045+-5°C,5,No,200°C / 1h,8mm,646,630,658,4105,3685,4425,26.06,73.94
132,Testing (Version-14) - Sample 121,4Cr13,0.431,0.389,0.629,0.022,0.014,12.748,0.179,No,1045+-5°C,3,Vaccum hardening 230°C,230°C/1h,8mm,584,567,597,6867,6405,7372,46.09,53.91
133,Testing Group H (Version-11) - Sample 122,4Cr13,0.38,0.431,0.547,0.031,0.008,13.186,0.358,No,1045+-5°C,5,200°C / 3h,No,Changed 7.8mm,657,641,675,4612,4145,5022,28.53,71.47
134,Testing Group H (Version-11) - Sample 123,4Cr13,0.387,0.465,0.33,0.024,0.01,13.174,0.214,No,1045+-5°C,5,200°C / 3h,No,Changed 7.8mm,643,628,660,4249,3732,4677,27.0,73.0
135,Testing (Version-14) - Sample 124,4Cr13,0.385,0.234,0.245,0.01,0.015,13.072,0.182,No,1045+-5°C,3,Vaccum hardening 230°C,No,8mm,610,592,629,7078,6785,7551,45.51,54.49
136,Testing (Version-14) - Sample 125,4Cr13,0.418,0.429,0.203,0.032,0.015,12.677,0.389,No,1045+-5°C,3,Vaccum hardening 230°C,230°C/1h,8mm,614,603,630,6218,5785,6618,40.04,59.96
137,Testing (Version-14) - Sample 126,4Cr13,0.391,0.148,0.585,0.026,0.01,13.011,0.277,No,1045+-5°C,3,Vaccum hardening 230°C,230°C/1h,8mm,637,625,652,7140,6703,7500,44.05,55.95
138,Testing Group I (Version-11) - Sample 127,4Cr13,0.428,0.22,0.546,0.018,0.014,12.857,0.182,No,1045+-5°C,5,200°C / 3h,220°C / 1h,Changed 7.8mm,643,628,661,4470,4002,4851,28.27,71.73
139,Testing Group F (Version-6) - Sample 128,4Cr13,0.387,0.265,0.313,0.015,0.011,12.766,0.351,No,1045+-5°C,5,No,240°C / 1h,8mm,592,573,604,5488,5151,5786,36.87,63.13
140,Testing Group B (Friulpress) (Version-6) - Sample 129,4Cr13,0.411,0.427,0.237,0.028,0.006,13.276,0.171,Yes,1045+-5°C,5,No,No,8mm,678,661,697,3123,2785,3582,19.58,80.42
141,Testing Group F (Version-6) - Sample 130,4Cr13,0.402,0.17,0.217,0.023,0.015,13.345,0.3,No,1045+-5°C,5,No,240°C / 1h,8mm,623,607,639,5197,4774,5658,33.43,66.57
142,Testing Group H (Version-11) - Sample 131,4Cr13,0.381,0.135,0.542,0.03,0.009,12.751,0.436,No,1045+-5°C,5,200°C / 3h,No,Changed 7.8mm,623,604,636,4321,3921,4794,28.21,71.79
143,Testing (Version-14) - Sample 132,4Cr13,0.432,0.464,0.268,0.009,0.012,12.821,0.15,No,1045+-5°C,3,Vaccum hardening 230°C,No,8mm,615,596,628,6498,5995,6826,41.67,58.33
144,Testing Group D (Version-6) - Sample 133,4Cr13,0.426,0.477,0.403,0.026,0.008,13.314,0.339,No,1045+-5°C,5,No,200°C / 1h,8mm,679,661,692,4489,4095,4807,27.01,72.99
145,Testing Group C (Version-6) - Sample 134,4Cr13,0.393,0.453,0.467,0.016,0.02,13.019,0.318,No,1045+-5°C,5,No,180°C / 1h,8mm,632,620,648,4371,4066,4712,28.14,71.86
146,Testing Group H (Version-11) - Sample 135,4Cr13,0.411,0.311,0.521,0.017,0.01,12.457,0.168,No,1045+-5°C,5,200°C / 3h,No,Changed 7.8mm,651,634,663,4581,4131,4960,28.59,71.41
147,Testing Group D (Version-6) - Sample 136,4Cr13,0.421,0.146,0.508,0.028,0.014,12.656,0.32,No,1045+-5°C,5,No,200°C / 1h,8mm,652,635,663,4421,4102,4879,27.64,72.36
148,Testing Group I (Version-11) - Sample 137,4Cr13,0.428,0.322,0.209,0.015,0.007,13.201,0.376,No,1045+-5°C,5,200°C / 3h,220°C / 1h,Changed 7.8mm,629,617,648,5060,4752,5418,32.32,67.68
149,Testing Group I (Version-11) - Sample 138,4Cr13,0.401,0.312,0.581,0.011,0.017,12.703,0.233,No,1045+-5°C,5,200°C / 3h,220°C / 1h,Changed 7.8mm,633,616,649,4931,4586,5287,31.38,68.62
150,Testing (Version-14) - Sample 139,4Cr13,0.4,0.169,0.627,0.014,0.019,12.554,0.449,No,1045+-5°C,3,Vaccum hardening 230°C,No,8mm,620,603,633,7009,6691,7421,44.41,55.59
151,Testing Group C (Version-6) - Sample 140,4Cr13,0.408,0.458,0.311,0.018,0.022,12.557,0.438,No,1045+-5°C,5,No,180°C / 1h,8mm,674,662,685,4468,3977,4954,27.08,72.92
152,Testing Group I (Version-11) - Sample 141,4Cr13,0.392,0.132,0.498,0.029,0.006,13.341,0.121,No,1045+-5°C,5,200°C / 3h,220°C / 1h,Changed 7.8mm,618,607,634,4822,4488,5340,31.43,68.57
153,Testing Group C (Version-6) - Sample 142,4Cr13,0.413,0.439,0.454,0.018,0.009,12.453,0.342,No,1045+-5°C,5,No,180°C / 1h,8mm,648,632,667,4391,3976,4745,27.62,72.38
154,Testing Group E (Version-6) - Sample 143,4Cr13,0.393,0.125,0.434,0.025,0.012,12.561,0.432,No,1045+-5°C,5,No,220°C / 1h,8mm,644,626,662,5107,4595,5420,31.9,68.1
155,Testing (Version-14) - Sample 144,4Cr13,0.388,0.239,0.239,0.009,0.023,13.318,0.308,No,1045+-5°C,3,Vaccum hardening 230°C,No,8mm,648,630,667,6440,5933,6904,39.34,60.66
156,Testing Group B (Friulpress) (Version-6) - Sample 145,4Cr13,0.399,0.293,0.303,0.018,0.023,13.559,0.445,Yes,1045+-5°C,5,No,No,8mm,700,681,712,3363,3066,3703,20.32,79.68
157,Testing Group F (Version-6) - Sample 146,4Cr13,0.426,0.372,0.252,0.022,0.023,12.742,0.27,No,1045+-5°C,5,No,240°C / 1h,8mm,642,623,659,4816,4379,5135,30.31,69.69
158,Testing Group I (Version-11) - Sample 147,4Cr13,0.418,0.41,0.419,0.014,0.023,12.694,0.45,No,1045+-5°C,5,200°C / 3h,220°C / 1h,Changed 7.8mm,630,619,646,4563,4210,4915,29.35,70.65
159,Testing (Version-14) - Sample 148,4Cr13,0.425,0.473,0.191,0.019,0.013,12.765,0.341,No,1045+-5°C,3,Vaccum hardening 230°C,230°C/1h,8mm,627,615,643,6132,5671,6479,38.75,61.25
160,Testing (Version-14) - Sample 149,4Cr13,0.424,0.127,0.453,0.024,0.013,13.476,0.244,No,1045+-5°C,3,Vaccum hardening 230°C,230°C/1h,8mm,603,585,615,7025,6602,7333,45.69,54.31
161,Testing (Version-14) - Sample 150,4Cr13,0.386,0.347,0.477,0.018,0.02,12.95,0.288,No,1045+-5°C,3,Vaccum hardening 230°C,No,8mm,609,593,623,6649,6350,7094,42.97,57.03
162,Testing Group B (Friulpress) (Version-6) - Sample 151,4Cr13,0.411,0.258,0.472,0.011,0.018,12.976,0.166,Yes,1045+-5°C,5,No,No,8mm,670,657,682,3167,2825,3667,20.03,79.97
163,Testing Group E (Version-6) - Sample 152,4Cr13,0.38,0.446,0.47,0.029,0.007,12.724,0.124,No,1045+-5°C,5,No,220°C / 1h,8mm,625,612,640,4726,4257,5122,30.53,69.47
164,Test Group B (Freund) (Version-3) - Sample 153,X46CrS13,0.454,0.443,1.039,0.023,0.228,12.429,0.0,Yes,1045+-5°C,5,Yes,No,8mm,627,608,646,6186,5898,6570,39.07,60.93
165,Testing Group I (Version-11) - Sample 154,4Cr13,0.391,0.22,0.588,0.015,0.013,12.468,0.34,No,1045+-5°C,5,200°C / 3h,220°C / 1h,Changed 7.8mm,624,613,640,4483,4013,4811,29.14,70.86
166,Testing Group C (Version-6) - Sample 155,4Cr13,0.405,0.268,0.499,0.03,0.023,13.089,0.151,No,1045+-5°C,5,No,180°C / 1h,8mm,665,652,682,4073,3583,4389,25.21,74.79
167,Testing Group H (Version-11) - Sample 156,4Cr13,0.405,0.263,0.557,0.014,0.01,13.539,0.175,No,1045+-5°C,5,200°C / 3h,No,Changed 7.8mm,655,643,670,4179,3773,4463,26.16,73.84
168,Testing Group B (Friulpress) (Version-6) - Sample 157,4Cr13,0.413,0.207,0.479,0.025,0.008,12.542,0.281,Yes,1045+-5°C,5,No,No,8mm,708,697,727,2996,2626,3398,18.19,81.81
169,Testing Group A (Version-6) - Sample 158,4Cr13,0.398,0.193,0.444,0.019,0.007,12.79,0.416,No,1045+-5°C,5,No,No,8mm,661,646,675,3016,2718,3467,19.42,80.58
170,Testing Group B (Friulpress) (Version-6) - Sample 159,4Cr13,0.429,0.268,0.31,0.03,0.024,13.349,0.173,Yes,1045+-5°C,5,No,No,8mm,672,661,686,3229,2928,3617,20.32,79.68
171,Testing Group D (Version-6) - Sample 160,4Cr13,0.423,0.146,0.268,0.032,0.013,13.04,0.167,No,1045+-5°C,5,No,200°C / 1h,8mm,630,617,648,4029,3551,4396,26.21,73.79
172,Testing Group H (Version-11) - Sample 161,4Cr13,0.421,0.324,0.487,0.024,0.015,12.443,0.194,No,1045+-5°C,5,200°C / 3h,No,Changed 7.8mm,668,650,683,4478,4029,4910,27.35,72.65
173,Test Group B (Freund) (Version-3) - Sample 162,X46CrS13,0.449,0.258,1.04,0.017,0.195,12.971,0.0,Yes,1045+-5°C,5,Yes,No,8mm,595,577,612,5479,4966,5795,36.64,63.36
174,Testing (Version-14) - Sample 163,4Cr13,0.431,0.398,0.163,0.009,0.017,12.816,0.193,No,1045+-5°C,3,Vaccum hardening 230°C,No,8mm,592,577,608,6330,5955,6669,42.14,57.86
175,Testing Group I (Version-11) - Sample 164,4Cr13,0.415,0.33,0.625,0.019,0.007,12.756,0.462,No,1045+-5°C,5,200°C / 3h,220°C / 1h,Changed 7.8mm,607,589,623,4855,4515,5355,32.15,67.85
176,Testing Group B (Friulpress) (Version-6) - Sample 165,4Cr13,0.427,0.337,0.375,0.015,0.02,13.093,0.39,Yes,1045+-5°C,5,No,No,8mm,655,639,670,3240,2815,3694,20.84,79.16
177,Testing Group A (Version-6) - Sample 166,4Cr13,0.413,0.283,0.529,0.017,0.018,12.776,0.362,No,1045+-5°C,5,No,No,8mm,664,647,675,3189,2740,3506,20.31,79.69
178,Testing Group E (Version-6) - Sample 167,4Cr13,0.418,0.365,0.614,0.028,0.012,12.858,0.347,No,1045+-5°C,5,No,220°C / 1h,8mm,644,632,656,4732,4322,5108,29.74,70.26
179,Testing Group D (Version-6) - Sample 168,4Cr13,0.384,0.277,0.552,0.021,0.021,13.032,0.179,No,1045+-5°C,5,No,200°C / 1h,8mm,634,620,650,4157,3769,4483,26.81,73.19
180,Testing Group D (Version-6) - Sample 169,4Cr13,0.427,0.265,0.285,0.02,0.02,12.821,0.206,No,1045+-5°C,5,No,200°C / 1h,8mm,635,619,651,4427,3924,4886,28.35,71.65
181,Testing Group B (Friulpress) (Version-6) - Sample 170,4Cr13,0.394,0.385,0.47,0.024,0.019,12.461,0.187,Yes,1045+-5°C,5,No,No,8mm,697,684,711,3169,2672,3623,19.36,80.64
182,Testing Group D (Version-6) - Sample 171,4Cr13,0.395,0.225,0.415,0.01,0.009,13.279,0.194,No,1045+-5°C,5,No,200°C / 1h,8mm,674,658,687,4092,3657,4489,25.01,74.99
183,Testing Group E (Version-6) - Sample 172,4Cr13,0.387,0.133,0.572,0.029,0.008,12.458,0.386,No,1045+-5°C,5,No,220°C / 1h,8mm,624,606,638,4760,4337,5226,30.78,69.22
184,Testing Group B (Friulpress) (Version-6) - Sample 173,4Cr13,0.397,0.334,0.562,0.014,0.023,12.491,0.196,Yes,1045+-5°C,5,No,No,8mm,665,648,679,3186,2749,3607,20.27,79.73
185,Testing Group F (Version-6) - Sample 174,4Cr13,0.396,0.338,0.372,0.013,0.021,13.096,0.381,No,1045+-5°C,5,No,240°C / 1h,8mm,640,625,656,5462,5122,5897,34.14,65.86
186,Testing (Version-14) - Sample 175,4Cr13,0.405,0.467,0.287,0.016,0.021,12.592,0.222,No,1045+-5°C,3,Vaccum hardening 230°C,No,8mm,591,579,604,7170,6725,7513,47.47,52.53
187,Testing Group A (Version-6) - Sample 176,4Cr13,0.401,0.252,0.403,0.016,0.019,12.529,0.122,No,1045+-5°C,5,No,No,8mm,715,699,733,3291,2834,3698,19.57,80.43
188,Testing Group I (Version-11) - Sample 177,4Cr13,0.415,0.307,0.458,0.01,0.02,12.838,0.135,No,1045+-5°C,5,200°C / 3h,220°C / 1h,Changed 7.8mm,643,626,660,4320,3915,4644,27.41,72.59
189,Testing (Version-14) - Sample 178,4Cr13,0.427,0.264,0.325,0.015,0.019,12.974,0.207,No,1045+-5°C,3,Vaccum hardening 230°C,230°C/1h,8mm,586,569,597,6991,6588,7279,46.72,53.28
190,Testing (Version-14) - Sample 179,4Cr13,0.428,0.456,0.243,0.031,0.016,12.464,0.124,No,1045+-5°C,3,Vaccum hardening 230°C,No,8mm,636,619,648,7108,6636,7621,43.93,56.07
191,Testing Group D (Version-6) - Sample 180,4Cr13,0.424,0.29,0.49,0.029,0.014,12.731,0.174,No,1045+-5°C,5,No,200°C / 1h,8mm,672,656,683,4310,3891,4723,26.28,73.72
192,Test Group B (Freund) (Version-3) - Sample 181,X46CrS13,0.454,0.319,1.574,0.021,0.239,13.269,0.0,Yes,1045+-5°C,5,Yes,No,8mm,640,622,652,5762,5473,6271,35.88,64.12
193,Testing Group E (Version-6) - Sample 182,4Cr13,0.421,0.187,0.459,0.023,0.016,13.022,0.281,No,1045+-5°C,5,No,220°C / 1h,8mm,661,648,678,4911,4524,5352,30.04,69.96
194,Testing Group H (Version-11) - Sample 183,4Cr13,0.38,0.23,0.408,0.022,0.019,13.573,0.353,No,1045+-5°C,5,200°C / 3h,No,Changed 7.8mm,633,615,651,4062,3678,4511,26.29,73.71
195,Testing Group C (Version-6) - Sample 184,4Cr13,0.417,0.218,0.18,0.025,0.024,13.011,0.388,No,1045+-5°C,5,No,180°C / 1h,8mm,649,636,661,4012,3627,4400,25.42,74.58
196,Testing Group A (Version-6) - Sample 185,4Cr13,0.398,0.393,0.588,0.021,0.02,12.946,0.353,No,1045+-5°C,5,No,No,8mm,705,690,723,3336,3002,3648,20.05,79.95
197,Testing Group H (Version-11) - Sample 186,4Cr13,0.399,0.121,0.326,0.01,0.02,12.837,0.124,No,1045+-5°C,5,200°C / 3h,No,Changed 7.8mm,618,601,631,4655,4202,4972,30.43,69.57
198,Testing Group I (Version-11) - Sample 187,4Cr13,0.406,0.412,0.479,0.009,0.018,13.179,0.215,No,1045+-5°C,5,200°C / 3h,220°C / 1h,Changed 7.8mm,606,593,619,4804,4413,5166,31.89,68.11
199,Testing Group D (Version-6) - Sample 188,4Cr13,0.39,0.434,0.252,0.02,0.015,13.576,0.225,No,1045+-5°C,5,No,200°C / 1h,8mm,636,625,655,4217,3882,4645,27.08,72.92
200,Testing Group H (Version-11) - Sample 189,4Cr13,0.431,0.375,0.455,0.015,0.02,13.021,0.279,No,1045+-5°C,5,200°C / 3h,No,Changed 7.8mm,614,603,629,4375,3968,4835,28.92,71.08
201,Testing Group D (Version-6) - Sample 190,4Cr13,0.394,0.21,0.328,0.024,0.013,13.127,0.255,No,1045+-5°C,5,No,200°C / 1h,8mm,625,610,641,4047,3567,4506,26.51,73.49
202,Testing Group E (Version-6) - Sample 191,4Cr13,0.384,0.375,0.428,0.018,0.016,13.486,0.231,No,1045+-5°C,5,No,220°C / 1h,8mm,617,598,633,4456,4110,4839,29.28,70.72
203,Testing Group I (Version-11) - Sample 192,4Cr13,0.385,0.196,0.624,0.013,0.008,13.152,0.436,No,1045+-5°C,5,200°C / 3h,220°C / 1h,Changed 7.8mm,612,598,626,4418,4071,4757,29.26,70.74
204,Testing Group F (Version-6) - Sample 193,4Cr13,0.424,0.173,0.314,0.013,0.022,13.464,0.452,No,1045+-5°C,5,No,240°C / 1h,8mm,640,626,655,4854,4482,5188,30.62,69.38
205,Testing Group A (Version-6) - Sample 194,4Cr13,0.42,0.34,0.368,0.02,0.013,13.552,0.187,No,1045+-5°C,5,No,No,8mm,699,688,718,3315,2825,3763,20.09,79.91
206,Test Group B (Freund) (Version-3) - Sample 195,X46CrS13,0.418,0.24,1.29,0.023,0.238,13.191,0.0,Yes,1045+-5°C,5,Yes,No,8mm,634,620,647,6109,5665,6557,38.22,61.78
207,Testing Group A (Version-6) - Sample 196,4Cr13,0.427,0.37,0.495,0.009,0.01,12.883,0.239,No,1045+-5°C,5,No,No,8mm,698,681,711,3254,2824,3618,19.79,80.21
208,Testing Group I (Version-11) - Sample 197,4Cr13,0.394,0.301,0.295,0.013,0.014,13.371,0.397,No,1045+-5°C,5,200°C / 3h,220°C / 1h,Changed 7.8mm,656,643,674,4377,4018,4842,27.24,72.76
209,Testing Group H (Version-11) - Sample 198,4Cr13,0.38,0.421,0.18,0.027,0.016,12.902,0.386,No,1045+-5°C,5,200°C / 3h,No,Changed 7.8mm,628,614,647,4477,4191,4955,28.93,71.07
210,Testing Group F (Version-6) - Sample 199,4Cr13,0.394,0.363,0.421,0.03,0.01,12.934,0.34,No,1045+-5°C,5,No,240°C / 1h,8mm,622,605,634,4931,4530,5250,31.89,68.11
211,Testing Group C (Version-6) - Sample 200,4Cr13,0.39,0.457,0.506,0.011,0.011,12.888,0.344,No,1045+-5°C,5,No,180°C / 1h,8mm,649,634,660,4287,3821,4750,26.99,73.01
212,Test Group B (Freund) (Version-3) - Sample 201,X46CrS13,0.461,0.646,1.51,0.024,0.195,12.477,0.0,Yes,1045+-5°C,5,Yes,No,8mm,631,612,648,5975,5656,6412,37.6,62.4
213,Testing Group H (Version-11) - Sample 202,4Cr13,0.398,0.188,0.373,0.019,0.015,12.527,0.195,No,1045+-5°C,5,200°C / 3h,No,Changed 7.8mm,625,611,638,4299,3896,4660,28.0,72.0
214,Testing Group B (Friulpress) (Version-6) - Sample 203,4Cr13,0.41,0.192,0.621,0.032,0.019,13.111,0.432,Yes,1045+-5°C,5,No,No,8mm,652,634,667,3004,2572,3420,19.59,80.41
215,Testing (Version-14) - Sample 204,4Cr13,0.399,0.282,0.238,0.029,0.014,13.45,0.204,No,1045+-5°C,3,Vaccum hardening 230°C,No,8mm,605,589,621,7068,6632,7456,45.81,54.19
216,Testing (Version-14) - Sample 205,4Cr13,0.382,0.222,0.266,0.031,0.008,12.677,0.189,No,1045+-5°C,3,Vaccum hardening 230°C,No,8mm,594,582,605,6492,6111,6976,43.01,56.99
217,Testing Group C (Version-6) - Sample 206,4Cr13,0.389,0.185,0.356,0.025,0.016,13.357,0.181,No,1045+-5°C,5,No,180°C / 1h,8mm,658,646,671,4293,3991,4728,26.69,73.31
218,Testing Group I (Version-11) - Sample 207,4Cr13,0.4,0.337,0.475,0.022,0.021,12.59,0.294,No,1045+-5°C,5,200°C / 3h,220°C / 1h,Changed 7.8mm,652,638,664,4728,4446,5070,29.38,70.62
219,Testing Group C (Version-6) - Sample 208,4Cr13,0.387,0.21,0.366,0.011,0.019,13.532,0.157,No,1045+-5°C,5,No,180°C / 1h,8mm,650,639,662,4227,3755,4587,26.61,73.39
220,Testing Group A (Version-6) - Sample 209,4Cr13,0.4,0.414,0.594,0.011,0.014,13.492,0.189,No,1045+-5°C,5,No,No,8mm,718,704,730,3422,3013,3903,20.17,79.83
221,Testing Group C (Version-6) - Sample 210,4Cr13,0.428,0.479,0.504,0.032,0.022,12.958,0.254,No,1045+-5°C,5,No,180°C / 1h,8mm,664,645,681,3982,3528,4488,24.74,75.26
222,Testing Group E (Version-6) - Sample 211,4Cr13,0.406,0.166,0.623,0.02,0.021,13.199,0.439,No,1045+-5°C,5,No,220°C / 1h,8mm,642,630,661,4972,4658,5377,31.21,68.79
223,Testing (Version-14) - Sample 212,4Cr13,0.42,0.182,0.241,0.013,0.023,12.562,0.322,No,1045+-5°C,3,Vaccum hardening 230°C,No,8mm,596,579,615,6587,6117,7013,43.47,56.53
224,Testing Group I (Version-11) - Sample 213,4Cr13,0.397,0.479,0.316,0.014,0.023,13.041,0.135,No,1045+-5°C,5,200°C / 3h,220°C / 1h,Changed 7.8mm,633,615,644,4343,3938,4630,27.94,72.06
225,Testing Group C (Version-6) - Sample 214,4Cr13,0.429,0.37,0.22,0.013,0.013,12.537,0.277,No,1045+-5°C,5,No,180°C / 1h,8mm,641,629,660,4216,3862,4722,26.89,73.11
226,Testing Group H (Version-11) - Sample 215,4Cr13,0.41,0.301,0.282,0.031,0.015,13.266,0.478,No,1045+-5°C,5,200°C / 3h,No,Changed 7.8mm,623,612,642,4398,4100,4872,28.67,71.33
227,Testing Group I (Version-11) - Sample 216,4Cr13,0.412,0.267,0.462,0.031,0.013,13.289,0.341,No,1045+-5°C,5,200°C / 3h,220°C / 1h,Changed 7.8mm,659,645,678,5037,4748,5355,30.84,69.16
228,Testing Group D (Version-6) - Sample 217,4Cr13,0.414,0.458,0.453,0.017,0.021,13.223,0.14,No,1045+-5°C,5,No,200°C / 1h,8mm,628,614,641,4239,3930,4523,27.53,72.47
229,Testing (Version-14) - Sample 218,4Cr13,0.399,0.13,0.56,0.01,0.014,13.343,0.414,No,1045+-5°C,3,Vaccum hardening 230°C,No,8mm,594,578,609,6884,6366,7334,45.46,54.54
230,Testing Group F (Version-6) - Sample 219,4Cr13,0.415,0.374,0.333,0.021,0.019,13.155,0.18,No,1045+-5°C,5,No,240°C / 1h,8mm,648,633,662,4732,4245,5218,29.57,70.43
231,Testing Group A (Version-6) - Sample 220,4Cr13,0.379,0.455,0.305,0.031,0.007,13.139,0.298,No,1045+-5°C,5,No,No,8mm,690,676,701,3355,2921,3739,20.53,79.47
232,Testing Group H (Version-11) - Sample 221,4Cr13,0.414,0.357,0.49,0.032,0.018,13.165,0.15,No,1045+-5°C,5,200°C / 3h,No,Changed 7.8mm,662,650,680,4102,3763,4535,25.47,74.53
233,Testing Group I (Version-11) - Sample 222,4Cr13,0.403,0.203,0.625,0.018,0.016,12.808,0.179,No,1045+-5°C,5,200°C / 3h,220°C / 1h,Changed 7.8mm,653,639,667,4946,4557,5326,30.58,69.42
234,Testing (Version-14) - Sample 223,4Cr13,0.38,0.295,0.245,0.031,0.014,12.632,0.372,No,1045+-5°C,3,Vaccum hardening 230°C,230°C/1h,8mm,612,597,625,6220,5789,6570,40.18,59.82
235,Testing (Version-14) - Sample 224,4Cr13,0.397,0.469,0.381,0.025,0.016,12.873,0.334,No,1045+-5°C,3,Vaccum hardening 230°C,230°C/1h,8mm,584,570,599,6211,5816,6702,41.92,58.08
236,Testing (Version-14) - Sample 225,4Cr13,0.416,0.444,0.506,0.018,0.018,12.909,0.285,No,1045+-5°C,3,Vaccum hardening 230°C,230°C/1h,8mm,633,615,650,6203,5823,6511,38.83,61.17
237,Test Group B (Freund) (Version-3) - Sample 226,X46CrS13,0.422,0.612,0.659,0.019,0.223,13.561,0.0,Yes,1045+-5°C,5,Yes,No,8mm,641,628,653,6155,5711,6451,38.1,61.9
238,Testing Group I (Version-11) - Sample 227,4Cr13,0.392,0.411,0.386,0.013,0.021,13.306,0.167,No,1045+-5°C,5,200°C / 3h,220°C / 1h,Changed 7.8mm,601,585,617,4836,4423,5193,32.33,67.67
239,Testing (Version-14) - Sample 228,4Cr13,0.414,0.407,0.203,0.023,0.009,13.281,0.161,No,1045+-5°C,3,Vaccum hardening 230°C,No,8mm,630,612,641,6475,6156,6908,40.6,59.4
240,Testing Group C (Version-6) - Sample 229,4Cr13,0.427,0.263,0.402,0.028,0.02,12.95,0.178,No,1045+-5°C,5,No,180°C / 1h,8mm,680,665,696,4202,3817,4577,25.41,74.59
241,Testing Group F (Version-6) - Sample 230,4Cr13,0.393,0.419,0.231,0.012,0.008,13.549,0.465,No,1045+-5°C,5,No,240°C / 1h,8mm,609,592,625,5025,4695,5373,33.09,66.91
242,Testing Group A (Version-6) - Sample 231,4Cr13,0.403,0.166,0.627,0.02,0.019,13.135,0.275,No,1045+-5°C,5,No,No,8mm,724,712,735,3360,2931,3789,19.71,80.29
243,Testing Group H (Version-11) - Sample 232,4Cr13,0.405,0.398,0.321,0.016,0.01,13.388,0.407,No,1045+-5°C,5,200°C / 3h,No,Changed 7.8mm,660,648,678,4286,3828,4575,26.58,73.42
244,Testing Group B (Friulpress) (Version-6) - Sample 233,4Cr13,0.411,0.347,0.173,0.019,0.018,12.924,0.252,Yes,1045+-5°C,5,No,No,8mm,691,672,706,3036,2708,3463,18.79,81.21
245,Test Group B (Freund) (Version-3) - Sample 234,X46CrS13,0.452,0.327,0.487,0.016,0.23,12.944,0.0,Yes,1045+-5°C,5,Yes,No,8mm,638,621,657,5764,5361,6076,35.99,64.01
246,Testing Group E (Version-6) - Sample 235,4Cr13,0.409,0.266,0.412,0.029,0.012,13.544,0.376,No,1045+-5°C,5,No,220°C / 1h,8mm,602,590,614,4440,4158,4770,29.84,70.16
247,Test Group B (Freund) (Version-3) - Sample 236,X46CrS13,0.45,0.704,1.518,0.031,0.225,13.237,0.0,Yes,1045+-5°C,5,Yes,No,8mm,607,594,622,6034,5584,6506,39.35,60.65
248,Testing Group B (Friulpress) (Version-6) - Sample 237,4Cr13,0.384,0.348,0.273,0.025,0.01,12.743,0.276,Yes,1045+-5°C,5,No,No,8mm,686,671,702,3320,2886,3770,20.45,79.55
249,Testing Group H (Version-11) - Sample 238,4Cr13,0.381,0.404,0.638,0.029,0.016,13.272,0.232,No,1045+-5°C,5,200°C / 3h,No,Changed 7.8mm,641,630,653,4041,3694,4416,25.87,74.13
250,Testing Group F (Version-6) - Sample 239,4Cr13,0.415,0.335,0.461,0.014,0.019,12.417,0.153,No,1045+-5°C,5,No,240°C / 1h,8mm,613,602,627,4806,4318,5212,31.57,68.43
251,Testing Group H (Version-11) - Sample 240,4Cr13,0.428,0.337,0.261,0.012,0.007,12.899,0.33,No,1045+-5°C,5,200°C / 3h,No,Changed 7.8mm,631,618,650,4615,4206,4912,29.62,70.38
252,Testing Group A (Version-6) - Sample 241,4Cr13,0.432,0.462,0.6,0.014,0.021,13.2,0.319,No,1045+-5°C,5,No,No,8mm,694,675,706,3106,2613,3552,19.1,80.9
253,Testing Group C (Version-6) - Sample 242,4Cr13,0.418,0.426,0.206,0.018,0.011,13.075,0.378,No,1045+-5°C,5,No,180°C / 1h,8mm,627,616,646,4390,3921,4732,28.46,71.54
254,Testing Group I (Version-11) - Sample 243,4Cr13,0.411,0.242,0.321,0.03,0.007,12.562,0.44,No,1045+-5°C,5,200°C / 3h,220°C / 1h,Changed 7.8mm,641,627,656,4876,4556,5315,30.7,69.3
255,Testing Group H (Version-11) - Sample 244,4Cr13,0.4,0.204,0.617,0.013,0.018,13.59,0.131,No,1045+-5°C,5,200°C / 3h,No,Changed 7.8mm,626,611,637,4034,3569,4322,26.39,73.61
256,Testing Group A (Version-6) - Sample 245,4Cr13,0.42,0.225,0.244,0.01,0.018,12.898,0.381,No,1045+-5°C,5,No,No,8mm,719,706,735,3122,2630,3512,18.6,81.4
257,Testing Group D (Version-6) - Sample 246,4Cr13,0.427,0.256,0.271,0.009,0.023,13.218,0.193,No,1045+-5°C,5,No,200°C / 1h,8mm,665,654,681,4302,3902,4671,26.49,73.51
258,Testing Group I (Version-11) - Sample 247,4Cr13,0.409,0.291,0.424,0.018,0.008,13.281,0.205,No,1045+-5°C,5,200°C / 3h,220°C / 1h,Changed 7.8mm,605,592,618,4793,4362,5206,31.87,68.13
259,Testing Group F (Version-6) - Sample 248,4Cr13,0.414,0.354,0.223,0.017,0.009,12.992,0.387,No,1045+-5°C,5,No,240°C / 1h,8mm,649,638,663,5050,4642,5465,31.35,68.65
260,Testing (Version-14) - Sample 249,4Cr13,0.427,0.193,0.53,0.03,0.014,12.648,0.139,No,1045+-5°C,3,Vaccum hardening 230°C,230°C/1h,8mm,600,586,613,6594,6114,6975,43.24,56.76
261,Testing Group C (Version-6) - Sample 250,4Cr13,0.389,0.195,0.257,0.027,0.021,13.03,0.149,No,1045+-5°C,5,No,180°C / 1h,8mm,620,603,639,4464,4151,4867,29.19,70.81
262,Testing (Version-14) - Sample 251,4Cr13,0.425,0.189,0.633,0.011,0.012,13.262,0.399,No,1045+-5°C,3,Vaccum hardening 230°C,No,8mm,596,579,612,7070,6710,7476,46.47,53.53
263,Testing Group A (Version-6) - Sample 252,4Cr13,0.378,0.373,0.249,0.028,0.02,13.357,0.177,No,1045+-5°C,5,No,No,8mm,722,704,734,3384,3035,3833,19.88,80.12
264,Testing Group E (Version-6) - Sample 253,4Cr13,0.378,0.387,0.549,0.032,0.022,12.425,0.322,No,1045+-5°C,5,No,220°C / 1h,8mm,627,612,646,4419,3965,4800,28.63,71.37
265,Testing Group D (Version-6) - Sample 254,4Cr13,0.415,0.456,0.262,0.016,0.023,12.693,0.351,No,1045+-5°C,5,No,200°C / 1h,8mm,636,619,654,4373,4070,4885,27.99,72.01
266,Testing Group F (Version-6) - Sample 255,4Cr13,0.398,0.435,0.553,0.023,0.009,13.115,0.279,No,1045+-5°C,5,No,240°C / 1h,8mm,595,576,609,4768,4249,5256,32.21,67.79
267,Testing Group A (Version-6) - Sample 256,4Cr13,0.396,0.358,0.491,0.029,0.018,12.791,0.43,No,1045+-5°C,5,No,No,8mm,722,707,733,3081,2618,3526,18.33,81.67
268,Testing Group F (Version-6) - Sample 257,4Cr13,0.409,0.408,0.263,0.028,0.023,13.11,0.237,No,1045+-5°C,5,No,240°C / 1h,8mm,649,634,660,5254,4967,5685,32.51,67.49
269,Test Group B (Freund) (Version-3) - Sample 258,X46CrS13,0.44,0.214,1.599,0.01,0.194,12.537,0.0,Yes,1045+-5°C,5,Yes,No,8mm,625,610,640,5495,5187,5969,35.09,64.91
270,Testing Group B (Friulpress) (Version-6) - Sample 259,4Cr13,0.379,0.337,0.306,0.019,0.015,13.556,0.238,Yes,1045+-5°C,5,No,No,8mm,704,693,720,3472,3148,3876,20.79,79.21
271,Test Group B (Freund) (Version-3) - Sample 260,X46CrS13,0.452,0.645,1.196,0.016,0.236,13.245,0.0,Yes,1045+-5°C,5,Yes,No,8mm,602,586,620,5822,5401,6340,38.35,61.65
272,Testing Group H (Version-11) - Sample 261,4Cr13,0.421,0.279,0.166,0.015,0.012,12.806,0.323,No,1045+-5°C,5,200°C / 3h,No,Changed 7.8mm,609,593,627,4339,4012,4805,28.92,71.08
273,Testing (Version-14) - Sample 262,4Cr13,0.39,0.382,0.209,0.027,0.008,12.987,0.469,No,1045+-5°C,3,Vaccum hardening 230°C,No,8mm,598,587,610,7073,6602,7446,46.34,53.66
274,Testing Group D (Version-6) - Sample 263,4Cr13,0.392,0.42,0.372,0.01,0.014,13.252,0.257,No,1045+-5°C,5,No,200°C / 1h,8mm,617,600,631,4171,3862,4528,27.56,72.44
275,Testing Group D (Version-6) - Sample 264,4Cr13,0.393,0.2,0.247,0.018,0.008,13.046,0.453,No,1045+-5°C,5,No,200°C / 1h,8mm,633,615,646,4635,4161,5074,29.65,70.35
276,Testing Group H (Version-11) - Sample 265,4Cr13,0.403,0.44,0.246,0.02,0.009,13.593,0.122,No,1045+-5°C,5,200°C / 3h,No,Changed 7.8mm,644,630,657,4546,4151,4826,28.67,71.33
277,Testing Group H (Version-11) - Sample 266,4Cr13,0.396,0.291,0.264,0.028,0.023,13.235,0.336,No,1045+-5°C,5,200°C / 3h,No,Changed 7.8mm,648,636,660,4600,4089,5064,28.82,71.18
278,Testing Group C (Version-6) - Sample 267,4Cr13,0.404,0.441,0.208,0.018,0.022,13.168,0.341,No,1045+-5°C,5,No,180°C / 1h,8mm,657,643,671,4414,3989,4740,27.41,72.59
279,Testing Group B (Friulpress) (Version-6) - Sample 268,4Cr13,0.393,0.437,0.502,0.009,0.022,13.38,0.311,Yes,1045+-5°C,5,No,No,8mm,681,664,698,3428,2997,3901,21.17,78.83
280,Testing Group E (Version-6) - Sample 269,4Cr13,0.39,0.271,0.535,0.023,0.016,12.486,0.263,No,1045+-5°C,5,No,220°C / 1h,8mm,636,620,652,4913,4522,5374,31.14,68.86
281,Testing Group B (Friulpress) (Version-6) - Sample 270,4Cr13,0.418,0.258,0.164,0.011,0.022,12.926,0.176,Yes,1045+-5°C,5,No,No,8mm,686,671,701,3372,2975,3886,20.73,79.27
282,Testing Group H (Version-11) - Sample 271,4Cr13,0.398,0.458,0.475,0.026,0.024,12.519,0.336,No,1045+-5°C,5,200°C / 3h,No,Changed 7.8mm,640,629,653,4083,3630,4451,26.15,73.85
283,Testing (Version-14) - Sample 272,4Cr13,0.397,0.288,0.405,0.026,0.015,13.573,0.169,No,1045+-5°C,3,Vaccum hardening 230°C,No,8mm,637,625,654,6543,6178,7041,40.58,59.42
284,Testing Group B (Friulpress) (Version-6) - Sample 273,4Cr13,0.411,0.136,0.397,0.02,0.012,13.23,0.201,Yes,1045+-5°C,5,No,No,8mm,670,652,681,3106,2607,3426,19.69,80.31
285,Test Group B (Freund) (Version-3) - Sample 274,X46CrS13,0.434,0.334,0.507,0.017,0.207,13.059,0.0,Yes,1045+-5°C,5,Yes,No,8mm,590,573,602,5501,5045,5980,37.06,62.94
286,Testing Group D (Version-6) - Sample 275,4Cr13,0.384,0.227,0.23,0.013,0.023,12.783,0.419,No,1045+-5°C,5,No,200°C / 1h,8mm,636,623,650,4100,3762,4546,26.4,73.6
287,Testing Group H (Version-11) - Sample 276,4Cr13,0.431,0.448,0.306,0.018,0.006,12.747,0.463,No,1045+-5°C,5,200°C / 3h,No,Changed 7.8mm,612,594,626,4069,3574,4588,27.15,72.85
288,Testing Group B (Friulpress) (Version-6) - Sample 277,4Cr13,0.416,0.169,0.182,0.032,0.008,12.84,0.175,Yes,1045+-5°C,5,No,No,8mm,668,651,680,3436,3070,3851,21.57,78.43
289,Testing (Version-14) - Sample 278,4Cr13,0.388,0.24,0.494,0.01,0.007,12.731,0.219,No,1045+-5°C,3,Vaccum hardening 230°C,230°C/1h,8mm,611,592,623,6592,6177,6943,42.49,57.51
290,Testing Group C (Version-6) - Sample 279,4Cr13,0.406,0.401,0.574,0.029,0.015,12.939,0.268,No,1045+-5°C,5,No,180°C / 1h,8mm,662,643,679,4298,3910,4584,26.57,73.43
291,Testing Group B (Friulpress) (Version-6) - Sample 280,4Cr13,0.428,0.348,0.205,0.029,0.015,13.426,0.149,Yes,1045+-5°C,5,No,No,8mm,650,633,663,3386,3003,3838,21.82,78.18
292,Testing (Version-14) - Sample 281,4Cr13,0.411,0.208,0.223,0.011,0.019,12.541,0.325,No,1045+-5°C,3,Vaccum hardening 230°C,No,8mm,620,601,632,7178,6694,7581,45.42,54.58
293,Test Group B (Freund) (Version-3) - Sample 282,X46CrS13,0.457,0.664,0.888,0.026,0.191,12.992,0.0,Yes,1045+-5°C,5,Yes,No,8mm,641,622,653,6093,5762,6580,37.74,62.26
294,Testing Group H (Version-11) - Sample 283,4Cr13,0.403,0.164,0.459,0.015,0.007,13.035,0.192,No,1045+-5°C,5,200°C / 3h,No,Changed 7.8mm,633,615,648,4366,4049,4878,28.07,71.93
295,Testing Group E (Version-6) - Sample 284,4Cr13,0.407,0.305,0.327,0.029,0.015,12.958,0.262,No,1045+-5°C,5,No,220°C / 1h,8mm,658,642,672,4419,4121,4724,27.4,72.6
296,Testing Group A (Version-6) - Sample 285,4Cr13,0.413,0.475,0.576,0.024,0.022,12.788,0.376,No,1045+-5°C,5,No,No,8mm,662,651,675,3107,2750,3493,19.9,80.1
297,Testing (Version-14) - Sample 286,4Cr13,0.386,0.165,0.564,0.01,0.01,13.282,0.262,No,1045+-5°C,3,Vaccum hardening 230°C,230°C/1h,8mm,602,589,620,6808,6523,7164,44.42,55.58
298,Testing Group F (Version-6) - Sample 287,4Cr13,0.386,0.425,0.405,0.019,0.015,13.023,0.376,No,1045+-5°C,5,No,240°C / 1h,8mm,648,635,666,4851,4432,5259,30.25,69.75
299,Testing Group I (Version-11) - Sample 288,4Cr13,0.387,0.467,0.455,0.015,0.017,12.854,0.395,No,1045+-5°C,5,200°C / 3h,220°C / 1h,Changed 7.8mm,632,615,648,4777,4406,5229,30.52,69.48
300,Testing Group E (Version-6) - Sample 289,4Cr13,0.414,0.444,0.174,0.021,0.007,13.526,0.428,No,1045+-5°C,5,No,220°C / 1h,8mm,642,628,655,4533,4115,5018,28.68,71.32
301,Testing Group I (Version-11) - Sample 290,4Cr13,0.431,0.431,0.546,0.02,0.021,12.551,0.386,No,1045+-5°C,5,200°C / 3h,220°C / 1h,Changed 7.8mm,663,648,679,4475,4119,4965,27.52,72.48
302,Testing Group A (Version-6) - Sample 291,4Cr13,0.42,0.38,0.355,0.027,0.007,13.084,0.287,No,1045+-5°C,5,No,No,8mm,690,679,706,3243,2831,3757,19.93,80.07
303,Testing Group C (Version-6) - Sample 292,4Cr13,0.42,0.328,0.299,0.011,0.007,13.509,0.216,No,1045+-5°C,5,No,180°C / 1h,8mm,646,635,657,4480,4042,4862,28.21,71.79
304,Testing Group E (Version-6) - Sample 293,4Cr13,0.409,0.193,0.226,0.011,0.014,13.127,0.354,No,1045+-5°C,5,No,220°C / 1h,8mm,616,600,633,4915,4627,5225,32.08,67.92
305,Testing Group A (Version-6) - Sample 294,4Cr13,0.422,0.463,0.199,0.022,0.023,13.189,0.187,No,1045+-5°C,5,No,No,8mm,680,668,691,3367,2854,3790,20.86,79.14
306,Testing Group I (Version-11) - Sample 295,4Cr13,0.401,0.282,0.342,0.031,0.02,13.116,0.384,No,1045+-5°C,5,200°C / 3h,220°C / 1h,Changed 7.8mm,646,629,665,4804,4350,5229,30.07,69.93
307,Testing Group I (Version-11) - Sample 296,4Cr13,0.394,0.445,0.255,0.015,0.023,12.801,0.315,No,1045+-5°C,5,200°C / 3h,220°C / 1h,Changed 7.8mm,623,604,637,4377,3963,4722,28.55,71.45
308,Testing (Version-14) - Sample 297,4Cr13,0.394,0.289,0.376,0.009,0.012,12.427,0.266,No,1045+-5°C,3,Vaccum hardening 230°C,No,8mm,613,602,631,6624,6180,6995,42.56,57.44
309,Testing Group D (Version-6) - Sample 298,4Cr13,0.418,0.23,0.222,0.024,0.02,13.076,0.187,No,1045+-5°C,5,No,200°C / 1h,8mm,639,622,651,4631,4188,5035,29.37,70.63
310,Testing Group C (Version-6) - Sample 299,4Cr13,0.384,0.443,0.537,0.018,0.015,13.228,0.14,No,1045+-5°C,5,No,180°C / 1h,8mm,663,652,674,3973,3617,4313,24.72,75.28
311,Testing Group C (Version-6) - Sample 300,4Cr13,0.381,0.268,0.509,0.018,0.02,12.856,0.424,No,1045+-5°C,5,No,180°C / 1h,8mm,646,634,662,3946,3644,4277,25.15,74.85
